{
    "Model Name": "Inception",
    "Testing Loss": [
        1.009459376335144,
        0.8272184133529663
    ],
    "Testing accuracy": [
        0.5914633870124817,
        0.7103658318519592
    ],
    "Training Loss": [
        1.2925736904144287,
        0.9779691696166992
    ],
    "Training Accuracy": [
        0.44704991579055786,
        0.62102872133255
    ]
}